{
  "itemId": 12,
  "itemQuantity": 3,
  "itemPrice": 4.99,
  "customerId": 10,
  "orderStatusName": "new",
  "shipping": {
    "addressLine1": "100 Bridle Trl",
    "city": "Moon",
    "state": "PA",
    "zip": "15108",
    "shippingMethodName": "ShipByMail"
  },
  "payments": [
    {
      "paymentType": "card",
      "amount": 4.99,
      "cvv": "123",
      "cardNumber": "1234567890",
      "billingAddressLine1": "100 Bridle Trl",
      "billingcity": "Moon",
      "billingstate": "PA",
      "billingzip": "15108"
    }
  ]
}