{
  "bulkRequests": [
    {
      "firstName": "First",
      "lastName": "Last",
      "phone": "1234567890",
      "email": "first.last@gmail.com",
      "itemName": "Shoes",
      "addressLine1": "123 Bridle Trl",
      "city": "Moon",
      "state": "PA",
      "zip": "15108",
      "shippingMethodName": "ShipByMail",
      "paymentType": "card",
      "amount": 3.44,
      "cvv": "321",
      "cardNumber": "0987654321",
      "billingAddressLine1": "234 Bridle Trl",
      "billingCity": "Moon",
      "billingState": "PA",
      "billingZip": "15108"
    },
    {
      "firstName": "First",
      "lastName": "Last",
      "phone": "1234567890",
      "email": "first.last@gmail.com",
      "itemName": "Shirt",
      "addressLine1": "123 Bridle Trl",
      "city": "Moon",
      "state": "PA",
      "zip": "15108",
      "shippingMethodName": "ShipByMail",
      "paymentType": "card",
      "amount": 3.44,
      "cvv": "321",
      "cardNumber": "0987654321",
      "billingAddressLine1": "234 Bridle Trl",
      "billingCity": "Moon",
      "billingState": "PA",
      "billingZip": "15108"
    }
  ]
}